<?xml version="1.0" encoding="UTF-8"?>
<beans:beans xmlns="http://www.springframework.org/schema/mvc"
	xmlns:xsi="http://www.w3.org/2001/XMLSchema-instance"
	xmlns:beans="http://www.springframework.org/schema/beans"
	xmlns:context="http://www.springframework.org/schema/context"
	xmlns:util="http://www.springframework.org/schema/util"
	xsi:schemaLocation="http://www.springframework.org/schema/mvc http://www.springframework.org/schema/mvc/spring-mvc-4.1.xsd
		http://www.springframework.org/schema/beans http://www.springframework.org/schema/beans/spring-beans-4.1.xsd
		http://www.springframework.org/schema/context http://www.springframework.org/schema/context/spring-context-4.1.xsd
		http://www.springframework.org/schema/util http://www.springframework.org/schema/util/spring-util-4.1.xsd">

	
<!-- 	<util:properties id="schedulerProperties"  location="classpath:/scheduler.${spring.profiles.active}.properties" /> -->
<!-- 	<util:properties id="mailProperties"  location="classpath:/mail.${spring.profiles.active}.properties" /> -->
<!-- 	<util:properties id="persistenceProperties"  location="classpath:/persistence.${spring.profiles.active}.properties" /> -->
<!-- 	<util:properties id="ftpProperties"  location="classpath:/ftp.${spring.profiles.active}.properties" /> -->
<!-- 	<context:property-placeholder location="classpath:/consolidado.properties, classpath:/empresa.properties" /> -->
<!-- 	<util:properties id="censProperties" location="classpath:/cens.properties"/> -->
<!-- 	<util:properties id="restRequestProperties" location="classpath:/rest.request.properties"/> -->
<!-- 	<util:properties id="cacheProperties" location="classpath:/cache.properties"/> -->
<!-- 	<util:properties id="notificacionProperties" location="classpath:/notificacion.${spring.profiles.active}.properties"/> -->
<!-- 	<util:properties id="socialProperties" location="classpath:/social.${spring.profiles.active}.properties"/> -->

	
</beans:beans>
